<?xml version="1.0" encoding="UTF-8"?>
<GenRun Id="synth_1" LaunchPart="xc7k70tfbg484-1" LaunchTime="1564064215">
  <File Type="PA-TCL" Name="top.tcl"/>
  <File Type="REPORTS-TCL" Name="top_reports.tcl"/>
  <File Type="RDS-RDS" Name="top.vds"/>
  <File Type="RDS-UTIL" Name="top_utilization_synth.rpt"/>
  <File Type="RDS-UTIL-PB" Name="top_utilization_synth.pb"/>
  <File Type="RDS-DCP" Name="top.dcp"/>
  <FileSet Name="sources" Type="DesignSrcs" RelSrcDir="$PSRCDIR/sources_1">
    <Filter Type="Srcs"/>
    <File Path="$PSRCDIR/sources_1/imports/K7SPI/DSP_module.v">
      <FileInfo>
        <Attr Name="ImportPath" Val="E:/ryush/Documents/Project/Verilog/K7/K7SPI/DSP_module.v"/>
        <Attr Name="ImportTime" Val="1564059966"/>
        <Attr Name="UsedIn" Val="synthesis"/>
        <Attr Name="UsedIn" Val="implementation"/>
        <Attr Name="UsedIn" Val="simulation"/>
      </FileInfo>
    </File>
    <File Path="$PSRCDIR/sources_1/imports/K7SPI/PINGPONG_RAM.v">
      <FileInfo>
        <Attr Name="ImportPath" Val="E:/ryush/Documents/Project/Verilog/K7/K7SPI/PINGPONG_RAM.v"/>
        <Attr Name="ImportTime" Val="1562415811"/>
        <Attr Name="UsedIn" Val="synthesis"/>
        <Attr Name="UsedIn" Val="implementation"/>
        <Attr Name="UsedIn" Val="simulation"/>
      </FileInfo>
    </File>
    <File Path="$PSRCDIR/sources_1/imports/K7SPI/SPI_PINGPONG_top.v">
      <FileInfo>
        <Attr Name="ImportPath" Val="E:/ryush/Documents/Project/Verilog/K7/K7SPI/SPI_PINGPONG_top.v"/>
        <Attr Name="ImportTime" Val="1563416504"/>
        <Attr Name="UsedIn" Val="synthesis"/>
        <Attr Name="UsedIn" Val="implementation"/>
        <Attr Name="UsedIn" Val="simulation"/>
      </FileInfo>
    </File>
    <File Path="$PSRCDIR/sources_1/imports/K7SPI/SPI_slave.v">
      <FileInfo>
        <Attr Name="ImportPath" Val="E:/ryush/Documents/Project/Verilog/K7/K7SPI/SPI_slave.v"/>
        <Attr Name="ImportTime" Val="1564055842"/>
        <Attr Name="UsedIn" Val="synthesis"/>
        <Attr Name="UsedIn" Val="implementation"/>
        <Attr Name="UsedIn" Val="simulation"/>
      </FileInfo>
    </File>
    <File Path="$PSRCDIR/sources_1/new/IOtest_top.v">
      <FileInfo>
        <Attr Name="ImportPath" Val="E:/ryush/Documents/Project/Verilog/K7/K7SPI/K7SPI.srcs/sources_1/new/IOtest_top.v"/>
        <Attr Name="ImportTime" Val="1563951657"/>
        <Attr Name="UsedIn" Val="synthesis"/>
        <Attr Name="UsedIn" Val="implementation"/>
        <Attr Name="UsedIn" Val="simulation"/>
      </FileInfo>
    </File>
    <File Path="$PSRCDIR/sources_1/new/top.v">
      <FileInfo>
        <Attr Name="ImportPath" Val="E:/ryush/Documents/Project/Verilog/K7/K7SPI/K7SPI.srcs/sources_1/new/top.v"/>
        <Attr Name="ImportTime" Val="1564063538"/>
        <Attr Name="UsedIn" Val="synthesis"/>
        <Attr Name="UsedIn" Val="implementation"/>
        <Attr Name="UsedIn" Val="simulation"/>
      </FileInfo>
    </File>
    <File Path="$PSRCDIR/sources_1/imports/K7SPI/DEBOUNCE.v">
      <FileInfo>
        <Attr Name="ImportPath" Val="E:/ryush/Documents/Project/Verilog/K7/K7SPI/DEBOUNCE.v"/>
        <Attr Name="ImportTime" Val="1564064060"/>
        <Attr Name="UsedIn" Val="synthesis"/>
        <Attr Name="UsedIn" Val="implementation"/>
        <Attr Name="UsedIn" Val="simulation"/>
      </FileInfo>
    </File>
    <Config>
      <Option Name="DesignMode" Val="RTL"/>
      <Option Name="TopModule" Val="top"/>
    </Config>
  </FileSet>
  <FileSet Name="constrs_in" Type="Constrs" RelSrcDir="$PSRCDIR/constrs_1">
    <Filter Type="Constrs"/>
    <File Path="$PSRCDIR/constrs_1/new/top.xdc">
      <FileInfo>
        <Attr Name="ImportPath" Val="E:/ryush/Documents/Project/Verilog/K7/K7SPI/K7SPI.srcs/constrs_1/new/top.xdc"/>
        <Attr Name="ImportTime" Val="1563958903"/>
        <Attr Name="UsedIn" Val="synthesis"/>
        <Attr Name="UsedIn" Val="implementation"/>
      </FileInfo>
    </File>
    <Config>
      <Option Name="ConstrsType" Val="XDC"/>
    </Config>
  </FileSet>
  <Strategy Version="1" Minor="2">
    <StratHandle Name="Vivado Synthesis Defaults" Flow="Vivado Synthesis 2017"/>
    <Step Id="synth_design"/>
  </Strategy>
  <BlockFileSet Type="BlockSrcs" Name="blk_mem_gen_0"/>
  <BlockFileSet Type="BlockSrcs" Name="ila_spi"/>
</GenRun>
