<?xml version="1.0" encoding="UTF-8"?>
<GenRun Id="ila_spi_synth_1" LaunchPart="xc7k70tfbg484-1" LaunchTime="1564060934">
  <File Type="PA-TCL" Name="ila_spi.tcl"/>
  <File Type="REPORTS-TCL" Name="ila_spi_reports.tcl"/>
  <File Type="RDS-RDS" Name="ila_spi.vds"/>
  <File Type="RDS-UTIL" Name="ila_spi_utilization_synth.rpt"/>
  <File Type="RDS-UTIL-PB" Name="ila_spi_utilization_synth.pb"/>
  <File Type="RDS-DCP" Name="ila_spi.dcp"/>
  <FileSet Name="sources" Type="BlockSrcs" RelSrcDir="$PSRCDIR/ila_spi">
    <File Path="$PSRCDIR/sources_1/ip/ila_spi/ila_spi.xci">
      <FileInfo>
        <Attr Name="ImportPath" Val="E:/ryush/Documents/Project/Verilog/K7/K7SPI/K7SPI.srcs/sources_1/ip/ila_spi/ila_spi.xci"/>
        <Attr Name="ImportTime" Val="1564060927"/>
        <Attr Name="UsedIn" Val="synthesis"/>
        <Attr Name="UsedIn" Val="implementation"/>
        <Attr Name="UsedIn" Val="simulation"/>
      </FileInfo>
    </File>
    <Config>
      <Option Name="TopModule" Val="ila_spi"/>
      <Option Name="UseBlackboxStub" Val="1"/>
    </Config>
  </FileSet>
  <FileSet Name="constrs_in" Type="BlockSrcs" RelSrcDir="$PSRCDIR/ila_spi">
    <File Path="$PSRCDIR/sources_1/ip/ila_spi/ila_spi.xci">
      <FileInfo>
        <Attr Name="ImportPath" Val="E:/ryush/Documents/Project/Verilog/K7/K7SPI/K7SPI.srcs/sources_1/ip/ila_spi/ila_spi.xci"/>
        <Attr Name="ImportTime" Val="1564060927"/>
        <Attr Name="UsedIn" Val="synthesis"/>
        <Attr Name="UsedIn" Val="implementation"/>
        <Attr Name="UsedIn" Val="simulation"/>
      </FileInfo>
    </File>
    <Config>
      <Option Name="TopModule" Val="ila_spi"/>
      <Option Name="UseBlackboxStub" Val="1"/>
    </Config>
  </FileSet>
  <Strategy Version="1" Minor="2">
    <StratHandle Name="Vivado Synthesis Defaults" Flow="Vivado Synthesis 2017"/>
    <Step Id="synth_design"/>
  </Strategy>
</GenRun>
